age,address,travel_time,study_time,failures,internet,absences,g_edu,g_job,alcohol
18,urban,27.157285212306306,3.03336116601713,0,no,6,4,at_home,1
17,urban,11.039881329983473,4.153255813056603,0,yes,4,1,other,1
15,urban,6.571040395181626,2.0220903053414077,3,yes,10,1,at_home,2.2857142857142856
15,urban,9.975921307690442,6.466458445647731,0,yes,2,4,health,1
16,urban,11.991468367166817,4.316768885590136,0,no,4,3,other,1.2857142857142858
16,urban,14.343331613577902,3.1084115479607135,0,yes,10,4,services,1.2857142857142858
16,urban,14.793906758073717,3.5266523628961295,0,yes,0,2,other,1
17,urban,16.412019148701802,2.8520765672437847,0,no,6,4,other,1
15,urban,5.383397850673646,3.767971294000745,0,yes,0,3,services,1
15,urban,3.9425830664113164,3.0452452993486077,0,yes,0,3,other,1
15,urban,2.2858601245097816,4.822978592244908,0,yes,0,4,teacher,1.2857142857142858
15,urban,50.79183052293956,7.622224211227149,0,yes,4,1,other,1
15,urban,14.32032671989873,1.1798268854618073,0,yes,2,4,services,1.5714285714285714
15,urban,17.15322106028907,3.0038938806392252,0,yes,2,4,teacher,1.2857142857142858
15,urban,3.996196469757706,5.603039925917983,0,yes,0,2,other,1
16,urban,14.910511928144842,0.538547929842025,0,yes,4,4,health,1.2857142857142858
16,urban,2.443627788685262,9.347743238322437,0,yes,6,4,services,1.2857142857142858
16,urban,37.62709937989712,3.5333481666166335,0,no,4,3,other,1
17,urban,11.835777908097953,0.09790700348094106,3,yes,16,3,services,2.5714285714285716
16,urban,8.259482581634074,1.7598317847587168,0,yes,4,3,other,1.5714285714285714
15,urban,2.0056810500100255,3.481995190726593,0,yes,0,4,teacher,1
15,urban,5.156379928812385,1.5546218026429415,0,yes,0,4,health,1
16,urban,5.4886502511799335,4.085801960434765,0,yes,2,4,teacher,1.5714285714285714
16,urban,27.373278356390074,2.3254674687050283,0,yes,0,2,other,2.5714285714285716
15,rural,8.728636356536299,7.413907207082957,0,yes,2,2,services,1
16,urban,1.7032488826662302,0.2847546199336648,2,yes,14,2,services,1.5714285714285714
15,urban,2.326236226595938,1.2044049124233425,0,yes,2,2,other,1.2857142857142858
15,urban,4.95242931926623,1.3454903685487807,0,yes,4,4,health,2.5714285714285716
16,urban,1.098245563916862,4.792463144985959,0,yes,4,3,services,1
16,urban,9.132722346112132,2.4469598149880767,0,yes,16,4,teacher,5
15,urban,2.2273796680383384,4.310325192054734,0,yes,0,4,health,3.2857142857142856
15,urban,29.774050866253674,2.2488049988169223,0,yes,0,4,services,1
15,rural,11.792166457977146,4.842265053186566,0,yes,0,4,teacher,1
15,urban,8.962789674755186,3.7523014964535832,0,yes,0,3,other,1
16,urban,2.812429982703179,1.735694586765021,0,yes,0,3,other,1
15,urban,18.331164463888854,1.4904904747381806,0,no,0,3,other,1
15,urban,8.748414217494428,9.888587850145996,0,yes,2,4,teacher,1
16,rural,16.49251757073216,8.564712150255218,0,yes,7,4,other,1
15,rural,1.5621014246717095,8.243514889618382,0,yes,2,3,services,1
15,rural,9.609412614721805,0.7564642541110516,0,no,8,2,at_home,1
16,urban,22.476396183483303,3.9039033544249833,1,yes,25,2,other,1.2857142857142858
15,urban,5.671926119364798,1.8645728533156216,0,yes,8,4,teacher,2.5714285714285716
15,urban,12.589959527365863,3.1600717457477003,0,yes,2,4,teacher,1
15,urban,12.651527302339673,1.0053455606102943,0,yes,0,2,services,1
16,urban,28.22818758431822,4.746912722475827,1,yes,14,2,at_home,2
15,urban,7.779840484261513,2.710041324608028,0,yes,8,4,other,1
16,urban,14.780545473564416,3.5328697932418436,0,yes,12,3,other,1.8571428571428572
16,urban,4.973970538470894,14.454563894541934,0,yes,4,4,health,1
15,urban,1.0265820627100766,4.053840216482058,0,no,2,4,teacher,2
15,urban,5.598576343618333,3.4148562022019178,1,yes,2,4,teacher,1
16,urban,33.25360572896898,4.1145258045289665,0,yes,2,2,services,2.2857142857142856
15,urban,11.6083107246086,3.7134044498670846,0,yes,2,4,health,1
15,urban,29.125214939704165,0.8441951884888113,1,no,6,2,health,3.2857142857142856
15,urban,13.355900352820754,0.2171118357218802,0,yes,0,4,services,2.2857142857142856
15,urban,4.266101297922432,0.9670010581612587,0,yes,6,3,other,4
16,urban,8.648734403774142,4.699899870203808,0,yes,8,2,other,1
15,urban,9.365766464732587,3.928440067684278,0,yes,0,4,services,1
15,urban,12.258357875514776,2.4022171502001584,0,no,4,4,teacher,1
15,urban,10.401177730411291,4.082522662356496,0,yes,2,2,at_home,1
16,urban,7.338636668864638,4.606866916175932,0,yes,2,4,services,1
16,rural,14.310265822801739,2.5067694522440434,0,no,6,4,health,2.2857142857142856
16,urban,89.7549326531589,0.7097582928836346,0,yes,6,1,services,5
16,urban,6.7005139058455825,4.198986580595374,0,yes,4,2,services,1
16,urban,8.387780220247805,8.268685541115701,0,yes,2,4,teacher,2.5714285714285716
15,urban,8.131144484505057,2.896620687795803,0,yes,0,3,services,2.5714285714285716
16,urban,58.44622411066666,2.415292148012668,0,yes,2,4,teacher,1.2857142857142858
15,urban,5.054673026781529,10.63856317428872,0,yes,4,4,other,5
16,urban,9.220269804354757,12.297382917022333,0,yes,4,3,services,1.2857142857142858
15,rural,26.752827290911227,4.742218104423955,0,yes,2,2,health,1.5714285714285714
15,rural,25.53369125118479,14.986169629264623,0,yes,12,1,other,2.2857142857142856
16,urban,21.968391286209226,12.772379735251889,0,yes,0,1,other,1
15,urban,11.562965344171971,10.650703456485644,0,yes,0,4,other,1
15,rural,10.864524316508323,4.090057106921449,2,yes,2,1,other,2.5714285714285716
16,urban,3.6014705700799823,0.3043707921169698,0,no,2,3,other,2
16,urban,9.09140906156972,3.277137386146933,0,yes,54,3,other,2.5714285714285716
15,urban,12.473417072556913,3.0508630129043013,0,yes,6,4,teacher,2.2857142857142856
15,urban,17.65945598948747,13.869464416056871,0,yes,8,4,teacher,1
16,urban,1.5278623369522393,12.659613447031006,0,yes,0,2,other,1.5714285714285714
17,urban,27.881333723198622,0.46604748582467437,3,yes,2,2,other,1
16,urban,14.068753735627979,3.953937640413642,0,yes,12,3,at_home,1.2857142857142858
15,urban,5.588258225936443,0.8124049864709377,0,yes,2,3,services,1.5714285714285714
15,urban,6.465306589845568,6.043322836048901,0,yes,4,2,other,1.2857142857142858
15,urban,10.688187041319907,3.8099066875874996,0,yes,10,3,services,1
15,urban,24.100309599889442,4.014771104091778,0,yes,4,2,services,1.5714285714285714
15,urban,4.191473183687776,2.1640758691355586,0,yes,2,1,other,2.2857142857142856
15,urban,28.865280342288315,3.267958234064281,2,yes,6,4,services,2.2857142857142856
16,urban,8.431244455743581,4.343520970083773,0,no,4,2,at_home,1.2857142857142858
15,urban,6.166493846103549,8.269590772688389,0,yes,4,4,other,1.5714285714285714
16,urban,27.97243039822206,2.55553810717538,1,yes,12,2,other,1
16,urban,10.279237714596093,4.9169262535870075,0,no,18,4,teacher,3.5714285714285716
16,urban,13.214537032414228,7.127923456719145,0,yes,0,3,other,1.5714285714285714
15,urban,10.95873431302607,1.4211726118810475,0,yes,4,4,services,1.5714285714285714
16,urban,13.055915814824402,3.3339344325941056,0,no,4,1,other,2.2857142857142856
16,urban,23.612819829722866,2.8061501493211836,0,yes,0,4,teacher,1
15,urban,1.5116734611801803,10.373716610483825,0,yes,6,2,services,1
15,rural,22.78360213735141,10.271490149898455,1,yes,2,1,at_home,1
16,rural,15.076221049530432,1.3099512900225818,0,yes,2,4,services,1
16,urban,3.635198945645243,4.658871079329401,0,no,2,2,other,1
16,urban,1.3210282139480114,1.4390478553250432,0,yes,6,4,other,1.2857142857142858
16,urban,6.51581342658028,6.244509014068171,0,yes,0,4,other,1
16,urban,11.685360609553754,0.36472784960642457,0,yes,14,4,services,5
16,urban,14.609590729232877,5.675813540583476,0,yes,0,4,teacher,1
15,urban,11.086538900155574,1.9197647804394364,0,yes,4,4,services,1
15,urban,27.259978362126276,3.137538129230961,0,yes,26,3,services,1
15,urban,8.590492112096399,2.3591843468602747,0,yes,0,3,services,1
15,urban,14.33110557636246,11.999016118934378,0,no,10,3,health,1
15,urban,4.012641200330108,13.344926332356408,0,yes,8,2,other,1
16,urban,10.209719508886337,7.526506735011935,0,yes,2,3,other,1
15,rural,71.5762009494938,11.999547597952187,0,yes,6,4,other,3.5714285714285716
16,urban,13.151923988945782,9.23386585782282,0,yes,4,4,health,1
15,urban,7.061651316937059,0.6274873404763639,0,yes,6,4,teacher,1
16,rural,14.700572200119495,5.784535047132522,1,yes,0,3,other,1
16,urban,8.930030768271536,2.2895424647722393,1,yes,6,2,at_home,1
15,urban,14.276623429730535,1.2708015567623079,0,yes,10,4,teacher,1
15,rural,13.535583184100688,3.16657748632133,0,yes,8,2,health,1
16,urban,3.4877741136588156,3.791929130675271,0,yes,2,4,teacher,1.2857142857142858
15,urban,26.618173175957054,2.013393408153206,0,no,2,4,teacher,1
16,urban,18.184666904853657,0.1107734888792038,0,yes,0,3,services,1
17,rural,59.90232772193849,4.468168006977066,1,yes,20,3,other,1.8571428571428572
15,urban,9.884414625819772,0.4082625927403569,0,yes,6,4,other,1.2857142857142858
15,urban,11.867585641797632,2.444641522364691,0,yes,2,1,at_home,1.2857142857142858
15,urban,6.797669218387455,13.346632015891373,0,yes,6,2,services,1.2857142857142858
16,urban,24.55566281103529,4.924991764361039,0,yes,2,4,health,1.2857142857142858
16,urban,3.8247099169529974,1.543466613162309,0,yes,18,4,health,1.8571428571428572
16,urban,7.872150821145624,2.308111982420087,0,yes,0,2,other,1
15,urban,8.428088724147528,1.1265613581053913,0,yes,0,4,services,2.7142857142857144
15,urban,11.698712773621082,2.9749337926041335,0,yes,0,3,other,1
19,urban,2.8624588665552437,3.1575666365679353,3,no,2,0,at_home,1
18,rural,14.986015712376684,1.166832448914647,2,yes,0,2,services,1.2857142857142858
16,rural,3.0192150971852243,1.5966301667504013,0,yes,8,4,teacher,2.857142857142857
15,rural,22.30447407346219,6.2838799378369,2,yes,0,4,teacher,2
15,urban,33.288029744289815,0.8482491988688707,0,yes,0,1,at_home,1.2857142857142858
17,urban,3.574572711251676,1.4855960379354656,0,yes,12,2,other,1.5714285714285714
16,urban,4.572281800676137,0.8952635983005166,0,yes,16,4,other,1.8571428571428572
15,rural,85.86410664953291,3.5367893618531525,0,no,0,3,at_home,1
15,urban,13.99870336940512,5.025739587144926,0,yes,0,4,services,1
17,rural,52.0530874771066,2.360840853303671,0,no,0,3,at_home,2.5714285714285716
16,urban,17.940683809574693,1.0395430861972272,2,yes,0,3,other,1
16,urban,3.4017353975214064,2.702566049993038,1,no,0,1,services,1.5714285714285714
15,urban,26.990434726467356,1.231443088967353,0,yes,0,4,teacher,1
15,urban,19.124372948426753,10.931940216105431,0,yes,0,3,services,1
16,urban,15.289598477538675,0.5372625640593469,2,yes,8,2,services,2
15,urban,14.024051757063717,9.8859687440563,0,yes,2,4,teacher,1
16,urban,1.7282290887087584,0.4083663043566048,0,yes,2,1,at_home,3
17,urban,2.7374425171874464,0.4209671262651682,3,yes,0,2,other,1.2857142857142858
15,urban,12.248226303141564,2.8052589755970985,0,yes,0,1,services,1.2857142857142858
15,urban,1.9141678945161402,3.158871264429763,3,yes,0,2,services,1
15,urban,1.9488024697639048,3.8753417315892875,0,yes,2,1,at_home,1
16,urban,5.198856777045876,0.0877405027858913,0,yes,0,4,teacher,1.7142857142857142
15,urban,64.0589583129622,1.235604855697602,3,yes,0,2,services,2.857142857142857
18,urban,11.350832922384143,1.3810275015421212,3,yes,0,1,other,2.857142857142857
16,urban,10.944768152199686,0.5627290960401297,1,no,6,2,at_home,3.5714285714285716
15,rural,26.689791296375915,5.471514230594039,2,yes,8,3,services,2.2857142857142856
19,urban,13.074702709447592,0.7510722731240094,3,yes,0,3,services,1
17,urban,6.475840850267559,0.7878297083079815,0,no,0,4,other,1
15,rural,8.20246566599235,3.421444012084976,0,no,2,2,at_home,1
17,rural,1.919744793791324,1.4788384935818613,0,no,8,1,other,3
18,rural,53.5754608316347,1.0704929074272513,3,no,6,1,at_home,2.142857142857143
16,rural,33.253737499471754,1.5270469821989536,0,no,2,2,at_home,1.2857142857142858
16,urban,12.286768577061594,2.2798247418832034,1,yes,4,3,services,4
17,rural,25.48987706657499,1.5766366510652006,2,yes,0,2,at_home,2
15,rural,17.10060662124306,3.1189518065657467,2,yes,6,3,other,1.8571428571428572
16,urban,29.103614911437035,0.3163479478098452,1,no,0,1,other,2.5714285714285716
17,urban,10.649393185973167,1.332922711968422,0,yes,2,3,services,1.8571428571428572
17,rural,67.10152579005808,2.418569672619924,3,no,0,1,other,2.142857142857143
16,urban,15.741135712014511,0.46656813425943255,1,no,16,3,services,1
16,urban,5.339607909787446,4.794726295862347,0,yes,4,2,other,2.5714285714285716
16,urban,9.70818984368816,3.3718967845197767,0,yes,0,2,services,1
16,urban,8.751678644679487,4.937501202337444,0,yes,0,2,other,1
16,urban,12.583508698735386,2.703699770849198,0,yes,0,4,health,1
16,urban,41.2448729085736,1.594310927670449,2,yes,0,4,other,2.5714285714285716
16,urban,16.21781637193635,3.88869094196707,0,yes,2,1,other,1
17,urban,6.932761240750551,3.5636603666935116,0,yes,0,4,teacher,1.5714285714285714
16,urban,7.671649619471282,4.612203277880326,3,yes,0,1,at_home,1
16,urban,22.713648484786972,2.7078568092547357,0,yes,4,3,other,1
17,urban,26.490797322476283,4.211943139322102,0,yes,4,4,teacher,4
16,urban,25.18371113925241,3.58432422648184,0,yes,2,2,services,1.8571428571428572
17,urban,9.59185644844547,2.180216138018295,0,yes,4,3,other,1.8571428571428572
16,rural,13.830999749712646,1.11539267282933,0,yes,10,4,teacher,3.2857142857142856
17,urban,13.26174575695768,3.307652125833556,0,yes,4,4,other,1
16,urban,6.320845053996891,3.3596621186006814,0,yes,10,4,teacher,2.2857142857142856
16,urban,8.171413810923696,4.744425251614302,0,yes,2,3,services,1.2857142857142858
17,urban,1.0648486306890845,3.756200982024893,0,no,0,4,services,2.2857142857142856
17,urban,7.46670447755605,2.0140829202719033,0,yes,56,3,other,2.2857142857142856
16,urban,7.3948627398349345,4.929369257995859,0,yes,14,3,other,1.2857142857142858
17,urban,6.28648640634492,3.441544889472425,0,yes,12,3,services,2.2857142857142856
16,urban,4.045023032929748,0.5763954883441329,0,yes,2,1,services,1.2857142857142858
16,urban,7.595107692293823,2.221183069050312,0,yes,0,2,other,1.2857142857142858
17,urban,14.297188526950777,2.8656882506329566,0,yes,6,3,health,1.5714285714285714
17,rural,11.658613603096455,3.742081921780482,0,no,4,1,at_home,2.142857142857143
16,urban,4.239714715164155,4.6225940166041255,0,yes,10,2,services,1
17,urban,7.674640723504126,2.776499058585614,0,yes,0,1,at_home,1
17,urban,22.66147456713952,3.2022508264053613,0,yes,12,1,at_home,4.285714285714286
16,rural,3.843863340560347,1.6021432322449982,0,yes,8,3,services,3.2857142857142856
16,urban,20.82910513621755,0.5777118890546262,0,yes,0,3,other,1
17,urban,11.135379346087575,4.736283658305183,0,yes,0,4,services,1
17,urban,6.746319705620408,1.137768553569913,0,yes,4,4,services,1.2857142857142858
16,rural,48.85887068929151,1.6199092008173466,0,yes,8,3,other,3.5714285714285716
17,urban,26.456524663371965,1.4446357619017363,1,yes,24,4,services,2.2857142857142856
16,urban,13.385231143329293,3.3459731072653085,0,yes,0,4,teacher,1.2857142857142858
16,urban,4.872343510389328,2.056810795562342,0,yes,2,4,health,2.142857142857143
16,urban,3.0435661915689707,2.239100522128865,0,no,6,2,other,1.5714285714285714
17,urban,9.08930256543681,4.837364942301065,0,no,4,1,other,1.5714285714285714
17,rural,7.099971280898899,1.772839501965791,0,yes,18,2,other,1.2857142857142858
16,rural,28.10316930874251,10.56695440900512,0,yes,6,2,services,1
17,urban,14.784696620889008,7.5609191856347024,1,yes,28,3,at_home,3.2857142857142856
16,urban,8.070682496298105,4.903112458763644,3,yes,5,3,services,2
16,urban,6.378818814177066,3.625596661120653,0,yes,10,4,teacher,1
16,urban,20.278205985669047,1.5644563483074307,0,no,6,1,at_home,1.8571428571428572
17,rural,15.667781552765518,5.122932508820668,0,yes,6,4,teacher,1
19,urban,10.41284246603027,11.845010297838598,0,yes,10,3,other,1.2857142857142858
17,urban,10.418828370515257,4.155675271060318,0,yes,13,4,services,4.285714285714286
16,urban,2.592997817322612,3.109692564001307,0,yes,0,2,other,1
18,urban,3.3029475095681846,2.712729981401935,1,yes,15,2,services,2.5714285714285716
17,rural,3.923127709887922,0.15786046721041203,0,no,12,4,services,1.2857142857142858
17,urban,24.40400648745708,2.1145843658596277,0,yes,2,3,other,1.5714285714285714
17,urban,7.000126702710986,3.023153656395152,2,yes,22,4,other,2.5714285714285716
18,urban,12.43283499777317,3.4613300603814423,1,yes,13,3,health,2.5714285714285716
17,urban,29.099866580218077,0.24710502242669463,0,no,3,3,other,1.8571428571428572
17,urban,14.936551441904157,9.621785532217473,0,yes,4,2,at_home,1
17,rural,17.495236265240237,3.3062226998154074,0,yes,2,2,at_home,1.2857142857142858
17,urban,2.528456504456699,8.426871986594051,1,no,0,1,at_home,1
16,urban,3.4826602316461504,4.489790925523266,0,yes,2,2,services,1
18,urban,18.667935527628288,2.929454063763842,0,yes,0,2,other,5
16,urban,10.004951918963343,5.761070259613916,0,yes,0,4,teacher,1
18,rural,14.6329663307406,2.1021556854248047,1,yes,16,3,other,1
17,urban,1.6210561473853886,2.5917749563232064,0,yes,10,3,other,1.5714285714285714
17,urban,13.787268915679306,2.864404525840655,0,yes,2,3,services,1.5714285714285714
18,urban,61.73295016866177,3.2702950325328857,0,yes,14,2,at_home,4.285714285714286
17,urban,22.637988090282306,9.1489079548046,0,yes,10,2,other,1.2857142857142858
17,urban,13.370884261094034,3.213753370102495,0,yes,14,3,other,1.2857142857142858
17,rural,20.17526037991047,3.2395755865145475,0,yes,4,2,other,1
17,urban,5.8779982486739755,3.664436259539798,0,yes,14,4,teacher,1.5714285714285714
16,urban,1.404160178732127,3.687511272961274,0,yes,2,4,other,2.5714285714285716
16,urban,29.970241533592343,4.831306781386957,0,yes,18,1,other,1
16,urban,23.436982344137505,8.337979328352958,0,yes,10,3,at_home,1.5714285714285714
17,urban,4.434719051234424,2.113739908672869,0,yes,4,2,other,5
16,urban,9.360539476852864,1.3898631446063519,0,yes,20,2,other,1
17,rural,52.669128261040896,2.5506508129183203,0,no,2,2,at_home,1
18,urban,1.3468569698743522,4.566870003240183,1,yes,0,2,services,3.5714285714285716
17,urban,16.933586548548192,3.6681202079635113,0,yes,14,4,health,1.8571428571428572
17,rural,26.88596228719689,4.080236546462402,0,yes,2,4,teacher,2.2857142857142856
16,urban,7.01524011278525,0.9660494164563715,0,yes,0,4,teacher,1
16,urban,13.775682205799967,1.8795012859627604,0,yes,0,4,services,1.2857142857142858
18,urban,15.42234705761075,6.986036845482886,0,yes,0,2,other,1
16,urban,51.48545416072011,1.741086149122566,0,yes,6,2,other,1
17,urban,28.69214517530054,1.6172045073471963,0,yes,4,3,other,1
22,urban,1.6252599963918328,0.6325664971955121,3,yes,16,3,services,5
18,rural,5.154068287927657,2.4598397554364055,1,yes,8,3,other,1.5714285714285714
16,urban,3.064651584252715,0.5279082711786032,0,yes,0,0,other,2.5714285714285716
18,urban,28.94208869081922,0.8871294395066798,1,yes,0,3,services,2.5714285714285716
16,urban,33.164443366695195,2.252491829916835,0,yes,6,3,at_home,1.5714285714285714
18,urban,6.276226244866848,0.3587009743787348,1,yes,4,2,services,2.857142857142857
16,rural,20.394086425658315,1.653363678138703,0,no,0,2,other,1.5714285714285714
17,rural,9.668418956920505,0.9796641208231449,0,yes,0,2,other,2.5714285714285716
17,urban,15.235763741657138,0.6603013658896089,1,yes,2,1,health,1.2857142857142858
17,urban,13.072238733060658,12.91449515731074,0,yes,6,4,teacher,1
19,urban,8.266463034786284,3.680127468658611,0,yes,12,4,services,1
18,urban,9.249652256723493,4.775250116828829,0,yes,8,2,other,1.2857142857142858
17,urban,14.303022623993456,14.522518989397213,0,yes,0,2,services,1
18,urban,4.308214260730892,3.123948798980564,0,yes,21,3,other,1.5714285714285714
18,urban,6.603754794690758,4.90927786543034,0,yes,2,4,teacher,1
18,rural,10.529361138585955,9.661970149027184,0,no,1,3,other,1
17,urban,2.7499294909648597,7.196451189229265,0,no,4,3,other,1
18,urban,2.676995904650539,5.2838120819069445,0,yes,0,2,at_home,1
18,rural,18.712375812465325,2.7742044888436794,0,yes,13,3,other,3.2857142857142856
17,urban,7.0538008557632565,2.081679437076673,0,yes,2,3,services,3.2857142857142856
18,rural,17.430016404250637,2.5212845699861646,0,yes,8,4,teacher,2
18,urban,9.615609316155314,3.4307382972911,0,yes,10,2,other,1.5714285714285714
18,rural,28.97878758958541,4.3234195010736585,0,yes,0,2,other,1.2857142857142858
19,urban,5.188168714288622,3.1602742951363325,2,yes,15,3,other,3
18,urban,3.202415006235242,12.359242239035666,0,yes,4,3,services,1.5714285714285714
18,urban,19.201441342011094,2.5825457237660885,0,no,2,1,other,1
17,rural,6.156336281448603,2.444110233336687,0,no,2,1,at_home,2
17,urban,28.409868052694947,2.116546924225986,0,yes,2,2,at_home,1
17,urban,18.25143034220673,3.866650944110006,0,yes,6,2,services,2.2857142857142856
18,rural,16.803972377674654,4.450828396016732,0,yes,75,3,other,1
18,urban,25.531131672905758,0.994582038372755,0,yes,22,4,teacher,1.8571428571428572
18,urban,12.373543467372656,4.130787196103483,1,yes,15,4,health,1
18,urban,26.743540121242404,1.2920625610277057,0,yes,8,4,teacher,1.2857142857142858
17,urban,26.739641652675346,1.0793718765489757,0,yes,30,4,services,2.5714285714285716
17,urban,9.836609467398375,1.6070085316896439,1,yes,19,3,teacher,3.2857142857142856
18,rural,24.090213164454326,14.910704813664779,0,no,1,1,at_home,1
18,urban,27.656215871684253,4.509906247723848,0,yes,4,1,other,1
17,urban,1.7120297332294285,4.773029999341816,0,yes,4,2,other,1.2857142857142858
17,urban,6.380674801301211,3.757653209613636,0,yes,2,1,other,1.2857142857142858
18,urban,2.0811394080519676,9.433207181282341,0,yes,5,2,at_home,1.2857142857142858
17,urban,4.470667941495776,9.762498822528869,0,yes,6,1,services,1
18,urban,9.578939229715616,5.712013273732737,0,yes,6,2,services,1.5714285714285714
18,urban,2.88914776686579,4.127736003836617,0,yes,9,4,teacher,1
18,urban,6.377438028808683,3.280798039166257,0,yes,11,4,teacher,1.8571428571428572
17,urban,14.957548048812896,6.981713017448783,0,yes,0,4,health,1.2857142857142858
18,urban,13.574356533121318,2.6544135857839137,1,yes,12,2,services,1
17,rural,17.014317708089948,13.153885862557217,0,no,6,3,services,1
18,rural,21.62539538810961,9.93088764953427,0,yes,8,3,services,1
17,urban,3.66815706435591,0.5702686137519777,0,yes,4,3,health,1.5714285714285714
19,urban,18.126994902268052,3.5084428507834673,0,yes,0,4,health,2.2857142857142856
18,urban,18.910732939839363,2.147271421737969,0,yes,10,4,other,1.2857142857142858
18,urban,14.480877719353884,13.118696877500042,0,yes,0,3,other,1
18,urban,12.598793940152973,0.10745033575221896,0,yes,5,4,teacher,2
18,urban,10.931539482437074,2.7542474693618715,0,yes,14,4,health,1
17,urban,17.284371574642137,0.6213392117060721,0,yes,0,4,teacher,2
17,urban,20.903704528464004,8.576980996876955,0,yes,0,4,other,1
17,urban,9.305340847466141,11.981018555816263,0,yes,0,2,health,1.2857142857142858
19,urban,8.005466244649142,2.4835664227139205,1,yes,20,3,other,1
18,urban,10.32459661597386,2.2517959978431463,1,yes,8,2,services,1
20,urban,6.164499715901911,0.6740154097788036,0,no,0,3,services,1
19,urban,19.915457441238686,0.16674437653273344,1,yes,38,4,teacher,1
19,rural,10.294575941283256,4.409017162863165,1,no,0,3,services,1.2857142857142858
19,urban,11.443813471589237,2.7438756430055946,1,yes,18,1,at_home,1.5714285714285714
19,urban,6.555905634537339,3.0542567672673613,1,no,0,1,services,2
19,urban,47.591646197251976,3.3244343360420316,0,yes,20,2,at_home,1
19,urban,5.108045178465545,4.861220672028139,1,yes,3,1,other,2
19,urban,15.721659095725045,4.4700517118908465,1,yes,22,3,services,1.2857142857142858
19,urban,11.049181947950274,9.792375847464427,2,yes,14,1,at_home,1
19,rural,4.739622815977782,5.664461014093831,1,yes,40,2,other,1
18,urban,16.942142030457035,4.775587859330699,0,yes,0,2,services,1.2857142857142858
18,urban,7.097869071178138,7.868130952119827,0,yes,9,4,other,1
17,rural,14.664335403125733,5.80357973347418,0,yes,0,4,services,2.857142857142857
18,urban,10.062879271805286,2.214863776229322,0,yes,2,4,teacher,3
17,urban,13.025168832857162,2.6453947459813207,0,yes,23,4,services,1.2857142857142858
17,urban,10.559658034238964,3.2826189971528947,0,no,12,2,other,1
17,rural,1.4637305410578847,6.16403017542325,0,yes,3,2,services,2
17,urban,10.461664136499166,7.520352888386697,0,yes,1,1,services,2.2857142857142856
17,urban,24.5570961618796,8.977413676911965,0,yes,0,2,at_home,2.2857142857142856
18,urban,11.18083404796198,5.157891917042434,0,yes,3,4,other,2
17,urban,10.441219938918948,0.6136579024605453,0,yes,3,3,other,3.5714285714285716
17,rural,78.88298485893756,0.28746218234300613,0,yes,8,2,services,5
17,urban,6.080477429088205,7.977933461079374,0,yes,7,4,teacher,1.5714285714285714
17,urban,15.568007746478543,9.608929168898612,0,yes,4,4,teacher,1.2857142857142858
18,urban,12.4721937533468,13.632298565935344,0,yes,2,2,other,2.5714285714285716
17,rural,10.914520737715065,8.049693267093971,0,yes,7,4,other,1
18,urban,1.1523926076479256,4.181698096450418,0,yes,0,3,services,1
18,urban,6.637314383406192,4.828234470216557,0,yes,0,2,other,1
18,rural,26.557522527873516,10.831286761676893,0,no,0,2,at_home,1
17,urban,5.680851576849818,5.283806046936661,0,yes,16,3,services,1.5714285714285714
19,rural,5.4444112703204155,6.170305107953027,1,no,12,3,services,1.2857142857142858
17,urban,11.500090907793492,3.482976329512894,0,yes,0,3,other,2.2857142857142856
18,urban,5.767507184296846,12.322410494089127,0,yes,7,3,services,1
17,rural,10.264562480151653,4.70575802703388,0,yes,4,3,other,2.2857142857142856
19,urban,11.23683944530785,5.6194176687859,1,yes,4,2,services,1.5714285714285714
18,urban,1.969079448375851,2.0056129421573132,1,yes,0,4,services,2
18,urban,2.645721260458231,3.971218462102115,0,yes,11,3,services,1.5714285714285714
17,urban,8.572660637553781,2.5355706696864218,1,yes,0,2,at_home,1.2857142857142858
18,urban,10.984266983810812,6.284394710091874,0,yes,4,2,at_home,1.2857142857142858
18,urban,11.000531750265509,9.117439893307164,0,yes,7,3,other,2.2857142857142856
18,rural,8.223486602772027,7.191711098421365,0,yes,9,4,teacher,1.2857142857142858
18,urban,1.6646352587267756,9.434175918577239,0,yes,0,4,teacher,2.2857142857142856
17,urban,6.670598409604281,6.5015951241366565,0,yes,0,4,health,1.5714285714285714
18,rural,17.52138859243132,1.4579197098501027,1,yes,10,3,other,5
19,rural,43.63070810912177,4.197941559134051,3,yes,8,1,other,3
17,urban,23.62114693969488,3.7140248818323016,0,yes,2,3,health,2.2857142857142856
18,urban,11.100273868534714,1.9465839215554297,1,yes,7,1,at_home,2.2857142857142856
19,rural,39.09267591778189,0.21357423719018698,1,yes,4,1,other,3
17,rural,17.343231457052752,3.353465332882479,0,yes,4,4,services,1.5714285714285714
18,urban,2.678275501355529,3.1641521952115,0,no,0,3,services,1
17,rural,25.826550076017156,2.85426236432977,0,yes,4,4,services,1.2857142857142858
17,urban,24.853401303989813,3.1365454017650336,0,no,2,3,services,1.2857142857142858
18,urban,25.85744324605912,0.6744339428842068,0,yes,4,1,services,1.2857142857142858
18,urban,19.861587141640484,7.794719799421728,0,yes,0,1,services,1
18,rural,52.36826210981235,2.2965259549673647,0,no,0,1,at_home,1.8571428571428572
18,rural,25.728404346155003,4.867438818328083,1,no,2,1,at_home,2.2857142857142856
18,urban,22.826633155345917,2.0674774958752096,0,yes,0,3,services,1.5714285714285714
17,urban,11.791677256114781,2.134137938497588,0,yes,0,4,at_home,1
17,rural,21.346622051205486,4.447851191507652,0,no,0,2,services,1.2857142857142858
18,rural,18.743598848814145,2.4304982607718557,0,no,4,1,at_home,2.5714285714285716
18,urban,25.70134082925506,6.391027142526582,0,yes,0,4,teacher,2
17,rural,47.160999386105686,0.5222237627021968,1,yes,0,1,other,1.2857142857142858
18,urban,17.203938332386315,0.4951797593384981,0,yes,0,3,services,1.2857142857142858
18,rural,59.45826338371262,4.131889414275065,0,yes,10,4,teacher,3.4285714285714284
19,urban,23.166674935491756,4.513239456806332,2,no,4,3,services,1
18,rural,59.802263241726905,0.3055957634933293,0,yes,3,2,services,2.2857142857142856
17,urban,7.954628451261669,5.489998495904729,0,no,8,2,other,1
17,rural,12.864129459485412,0.9472762541845441,0,yes,14,1,other,1.5714285714285714
18,rural,29.438017727807164,7.103110802127048,0,yes,0,4,other,1
18,rural,69.92653712863103,7.547650150954723,0,yes,2,1,other,1.2857142857142858
20,urban,22.93846516404301,7.363243876025081,2,yes,4,4,health,1
18,rural,2.2921273936517537,4.067906661424786,0,yes,4,4,teacher,3.2857142857142856
18,urban,7.92459866264835,3.9330129127483815,0,yes,0,3,other,1.2857142857142858
17,rural,11.82791736163199,4.644564084941521,0,yes,17,3,at_home,2.2857142857142856
18,urban,6.642291077412665,2.9049320691265166,0,yes,4,4,teacher,1.8571428571428572
18,rural,22.84047660185024,0.24199103936553001,0,yes,5,2,other,1.5714285714285714
17,urban,19.670211486518383,4.719486307585612,0,yes,2,3,services,1
19,rural,19.962123428704217,1.3749244115315378,1,no,0,1,other,1.5714285714285714
18,rural,15.951401519123465,1.8093477324582636,1,no,14,2,other,3.7142857142857144
18,rural,21.785502409329638,5.185145238647237,0,no,2,2,at_home,1.5714285714285714
18,rural,56.51024722494185,1.1008560587652028,0,yes,7,4,teacher,2
19,rural,5.075990104116499,6.4816889085341245,1,yes,0,2,services,1.2857142857142858
18,urban,12.91820528684184,3.6516417677048594,0,yes,0,3,teacher,1
18,urban,17.97084159683436,4.3433951151091605,1,no,0,1,other,1
20,urban,1.8515373077243567,3.5912924280855805,2,no,11,2,services,4.285714285714286
17,urban,22.809383132262155,1.1147455819882452,0,yes,3,3,services,3.2857142857142856
21,rural,12.886196437291801,0.39604217279702425,3,no,3,1,other,3
18,rural,51.36024724692106,0.4045886853709817,0,yes,0,3,services,3.2857142857142856
19,urban,4.54180939681828,1.6559424959123135,0,yes,5,1,at_home,3
18,urban,17.36528256093152,2.471584075829014,0,no,4,4,at_home,1
17,urban,13.586269994731992,4.494023024570197,0,yes,2,1,other,1
15,urban,8.393669362645596,4.245153133757412,0,yes,6,1,at_home,2.2857142857142856
15,urban,2.6610091258771718,8.639984115725383,0,yes,0,4,health,1
16,urban,4.098557631485164,2.899214535485953,0,no,0,3,other,1.2857142857142858
16,urban,12.496307641267776,3.6584149273112416,0,yes,6,4,services,1.2857142857142858
16,urban,9.351605808362365,3.984992603538558,0,yes,0,2,other,1
17,urban,17.311275776010007,2.8279624367132783,0,no,2,4,other,1
15,urban,13.98405187483877,3.9394988992717117,0,yes,0,3,services,1
15,urban,3.536707305815071,3.1989840564783663,0,yes,0,3,other,1
15,urban,8.398222184274346,3.5960440842900425,0,yes,2,4,teacher,1.2857142857142858
15,urban,47.813421736937016,6.986917266622186,0,yes,0,1,other,1
15,urban,8.518267022445798,1.7821224709041417,0,yes,0,4,services,1.5714285714285714
15,urban,24.017847287468612,4.0713449160102755,0,yes,0,4,teacher,1.2857142857142858
15,urban,11.345031473785639,5.000225931871682,0,yes,0,2,other,1
16,urban,1.9916724814102054,0.649542267434299,0,yes,6,4,health,1.2857142857142858
16,urban,5.699985465500504,9.586382099660113,0,yes,10,4,services,1.2857142857142858
16,urban,39.45050090784207,4.227485173614696,0,no,2,3,other,1
17,urban,3.276012741960585,0.8763454700820148,3,yes,2,3,services,2.5714285714285716
16,urban,11.441547178663313,0.8976125135086477,0,yes,6,3,other,1.5714285714285714
15,urban,2.6454496518708766,2.6088077316526324,0,yes,0,4,teacher,1
15,urban,8.225700666662306,1.2323166220448911,0,yes,0,4,health,1
16,urban,12.989825131837279,4.127725477563217,0,yes,0,4,teacher,1.5714285714285714
16,urban,24.88799570593983,2.214250394841656,0,yes,2,2,other,2.5714285714285716
15,rural,9.067493463400751,7.96382597531192,0,yes,2,2,services,1
16,urban,9.254086577799171,1.3194729378446937,0,yes,6,2,services,1.5714285714285714
15,urban,10.129110656678677,0.8083731280639768,0,yes,8,2,other,1.2857142857142858
15,urban,12.612920148763806,1.5511508081108332,0,yes,0,4,health,2.5714285714285716
16,urban,14.270915871486068,4.830956913763657,0,yes,2,3,services,1
16,urban,14.519994851667434,2.33234198926948,0,yes,4,4,teacher,5
15,urban,3.51238408125937,2.5620668951887637,0,yes,0,4,health,3.2857142857142856
15,urban,17.489200844429433,4.760758460732177,0,yes,2,4,services,1
15,rural,4.167278649285436,4.503845004364848,0,yes,0,4,teacher,1
15,urban,7.573145619127899,3.230956886895001,0,yes,0,3,other,1
16,urban,13.158117548096925,0.27701939549297094,0,yes,4,3,other,1
15,urban,23.29104110598564,1.7322283321991563,0,no,4,3,other,1
15,urban,13.049955322407186,9.240289172157645,0,yes,0,4,teacher,1
16,rural,18.13689759001136,5.945727193029597,0,yes,4,4,other,1
15,rural,8.906338154803962,9.863441676134244,0,yes,2,3,services,1
15,rural,3.7867022841237485,0.5219182018190622,0,no,8,2,at_home,1
16,urban,20.71342482813634,4.6154404086992145,0,yes,16,2,other,1.2857142857142858
15,urban,10.59831556212157,0.5369577212259173,0,yes,8,4,teacher,2.5714285714285716
15,urban,9.037755626719445,2.230231977533549,0,yes,0,4,teacher,1
15,urban,1.3451994289644063,1.0574238914996386,0,yes,0,2,services,1
16,urban,29.183051168220118,4.96848477749154,1,yes,14,2,at_home,2
15,urban,12.643068555276841,4.173042560461909,0,yes,4,4,other,1
16,urban,3.9490257329307497,4.34441176452674,0,yes,6,3,other,1.8571428571428572
16,urban,1.993113071192056,14.506497733527794,0,yes,2,4,health,1
15,urban,6.273329239804298,4.198361786548048,0,no,4,4,teacher,2
15,urban,6.368668795563281,4.786769210593775,0,yes,2,4,teacher,1
16,urban,54.685264576692134,3.746190645499155,0,yes,0,2,services,2.2857142857142856
15,urban,9.252323294524103,3.9859595720190555,0,yes,0,4,health,1
15,urban,16.288435586029664,1.8379268408752978,0,no,4,2,health,3.2857142857142856
15,urban,2.179987654555589,0.9837339371442795,0,yes,0,4,services,2.2857142857142856
15,urban,3.2748430045321584,1.8278955961577594,0,yes,0,3,other,4
16,urban,13.893273570109159,3.6992780833970755,0,yes,2,2,other,1
15,urban,10.437058703042567,4.424610516056418,0,yes,0,4,services,1
15,urban,13.390060863923281,2.9750521478708833,0,no,8,4,teacher,1
15,urban,8.908376531209797,2.2069281870499253,0,yes,0,2,at_home,1
16,urban,2.661684243939817,2.798093281686306,0,yes,2,4,services,1
16,rural,10.88384461030364,4.251683994196355,0,no,0,4,health,2.2857142857142856
16,urban,77.33892228920013,1.22286196378991,0,yes,0,1,services,5
16,urban,1.047948272433132,3.421494122594595,0,yes,0,2,services,1
16,urban,13.052722672466189,6.1548797658178955,0,yes,0,4,teacher,2.5714285714285716
15,urban,11.29408825095743,4.151265024440363,0,yes,0,3,services,2.5714285714285716
16,urban,47.27795251412317,2.102656677365303,0,yes,2,4,teacher,1.2857142857142858
15,urban,12.691861824598163,13.585664306301624,0,yes,0,4,other,5
16,urban,12.102324379608035,13.355958717875183,0,yes,0,3,services,1.2857142857142858
15,rural,22.284418522613123,2.4782956019043922,0,yes,0,2,health,1.5714285714285714
15,rural,26.293240205850452,12.106119997333735,0,yes,6,1,other,2.2857142857142856
16,urban,21.937297987751663,12.557336527388543,0,yes,2,1,other,1
15,urban,6.069783215411007,13.525570842903107,0,yes,0,4,other,1
15,rural,6.057067803572863,3.320640646154061,0,yes,2,1,other,2.5714285714285716
16,urban,8.964443473611027,1.5424607321619987,0,no,0,3,other,2
16,urban,5.955116559751332,2.717235917923972,0,yes,4,3,other,2.5714285714285716
15,urban,12.259630695451051,2.636584100080654,0,yes,0,4,teacher,2.2857142857142856
15,urban,18.636620939942077,12.49081720947288,0,yes,0,4,teacher,1
16,urban,1.6683699004352093,10.576857993146405,0,yes,1,2,other,1.5714285714285714
17,urban,20.8006173314061,0.8401959952898324,3,yes,0,2,other,1
16,urban,8.508770354092121,4.95804448146373,0,yes,14,3,at_home,1.2857142857142858
15,urban,8.537594559136778,0.7257434497587383,0,yes,0,3,services,1.5714285714285714
15,urban,1.39900018600747,9.991117669269443,0,yes,2,2,other,1.2857142857142858
15,urban,14.257862071041018,2.2576395359355956,0,yes,4,3,services,1
15,urban,22.861439507687464,2.5648071893956512,0,yes,2,2,services,1.5714285714285714
15,urban,1.176876681856811,3.005443238420412,0,yes,2,1,other,2.2857142857142856
15,urban,15.7101408415474,3.0813998375087976,0,yes,4,4,services,2.2857142857142856
16,urban,13.315584286581725,4.951589725911617,0,no,6,2,at_home,1.2857142857142858
15,urban,1.9235796821303666,5.066286032088101,0,yes,4,4,other,1.5714285714285714
16,urban,28.495908431941643,2.591516491957009,0,yes,6,2,other,1
16,urban,14.45756026962772,3.3847586270421743,0,no,6,4,teacher,3.5714285714285716
16,urban,5.160251305438578,5.240713934181258,0,yes,2,3,other,1.5714285714285714
15,urban,11.750677466392517,1.7419169405475259,0,yes,6,4,services,1.5714285714285714
16,urban,12.615592184010893,2.421467076521367,0,no,0,1,other,2.2857142857142856
16,urban,27.32687322422862,3.4897197710815817,0,yes,2,4,teacher,1
15,urban,11.878614048939198,11.569329430349171,0,yes,2,2,services,1
15,rural,15.781887662597,11.488962465664372,0,yes,4,1,at_home,1
16,rural,27.58833058644086,0.8308074362576008,0,yes,6,4,services,1
16,urban,13.438982324674726,2.213944535003975,0,no,0,2,other,1
16,urban,12.203064557164907,1.2221335172653198,0,yes,4,4,other,1.2857142857142858
16,urban,3.780670151580125,7.312693620333448,0,yes,2,4,other,1
16,urban,8.839992591645569,0.40259315073490143,0,yes,12,4,services,5
16,urban,4.938494496513158,6.7753028171136975,0,yes,0,4,teacher,1
15,urban,9.797527004498988,0.12942165974527597,0,yes,2,4,services,1
15,urban,26.562329266453162,2.356431448366493,0,yes,16,3,services,1
15,urban,6.896806672215462,4.676664812024683,0,yes,0,3,services,1
15,urban,5.131220951676369,13.052607210120186,0,no,10,3,health,1
15,urban,11.882844027131796,12.06043696962297,0,yes,4,2,other,1
16,urban,10.748297393787652,8.360891367774457,0,yes,4,3,other,1
15,rural,84.21360644046217,11.327804904431105,0,yes,8,4,other,3.5714285714285716
16,urban,5.460187760647386,7.6906690606847405,0,yes,2,4,health,1
15,urban,14.224255866371095,1.0987188639119267,0,yes,4,4,teacher,1
16,rural,13.903679560869932,5.727795547572896,0,yes,4,3,other,1
16,urban,11.98050744086504,4.342569162370637,1,yes,12,2,at_home,1
15,urban,9.991198774892837,0.2548239501193166,0,yes,10,4,teacher,1
15,rural,7.766003362368792,2.9885601743590087,0,yes,4,2,health,1
16,urban,8.992313376627862,3.690429078415036,0,yes,6,4,teacher,1.2857142857142858
15,urban,18.89884294825606,3.5083404162433,0,no,4,4,teacher,1
16,urban,25.747193132992834,0.3333940878510475,0,yes,6,3,services,1
17,rural,59.13964684121311,2.7553737114649266,1,yes,14,3,other,1.8571428571428572
15,urban,14.438261192757636,1.659353595227003,0,yes,2,4,other,1.2857142857142858
15,urban,3.686011682264507,3.7884641971904784,0,yes,0,1,at_home,1.2857142857142858
15,urban,3.2351482724770904,13.155756365740672,0,yes,6,2,services,1.2857142857142858
16,urban,24.359007929451764,4.642665631370619,0,yes,2,4,health,1.2857142857142858
16,urban,14.982077735010535,1.7754716500639915,0,yes,4,4,health,1.8571428571428572
16,urban,11.33916981332004,4.952931585488841,0,yes,0,2,other,1
15,urban,4.53562331199646,1.1444262936711311,0,yes,2,4,services,2.7142857142857144
15,urban,4.294002451002598,3.2280525260139257,0,yes,0,3,other,1
19,urban,6.680868962779641,3.180261430796236,2,no,0,0,at_home,1
16,rural,13.977860969025642,1.3457278707064688,0,yes,8,4,teacher,2.857142857142857
16,urban,26.379875717684627,8.112770222360268,0,yes,4,2,other,2
15,rural,21.489386551547796,5.14389811665751,0,yes,0,4,teacher,2
18,urban,9.74922992568463,4.323426018701866,3,yes,10,2,services,1.5714285714285714
17,urban,58.52123731048778,0.26971813198179007,0,yes,8,2,other,1.2857142857142858
15,urban,42.16275729238987,1.1882099751383066,0,yes,6,1,at_home,1.2857142857142858
17,urban,7.594642839860171,0.1656216001138091,0,yes,2,2,other,1.5714285714285714
16,urban,2.2909566196613014,1.7339924373663962,0,yes,12,4,other,1.8571428571428572
16,urban,89.86266235588118,0.5771766835823655,0,no,4,2,at_home,1
16,urban,8.814713572151959,1.6207003914751112,1,no,12,2,other,1
15,rural,72.07060585962608,2.5990864897612482,0,no,2,3,at_home,1
15,urban,13.453652480617166,8.427975417580456,0,yes,4,4,services,1
17,rural,57.8694036626257,4.654178764903918,0,no,2,3,at_home,2.5714285714285716
16,rural,63.441324981395155,4.365953160682693,0,no,0,1,at_home,1
18,urban,29.103867964586243,0.030487592797726393,0,yes,2,3,services,4.285714285714286
18,urban,9.373553190380335,8.160616194363683,0,yes,10,3,other,3.857142857142857
16,rural,17.867023040307686,1.630259754601866,0,no,8,1,other,1.2857142857142858
16,urban,16.967364483280107,0.07164928363636136,0,yes,4,3,other,1
16,urban,4.316586321219802,2.0666948796715587,2,no,0,1,services,1.5714285714285714
15,urban,28.89367875060998,1.2664776886813343,0,yes,6,4,teacher,1
15,rural,51.01898269029334,1.1642173677682877,1,yes,2,1,other,1
15,urban,17.31952650588937,10.455259591108188,0,yes,6,3,services,1
15,urban,3.6341447685845196,2.536547032883391,0,no,24,3,services,2.2857142857142856
16,urban,6.5064299292862415,5.351791909197345,0,yes,0,4,services,1.5714285714285714
16,urban,21.420033696340397,0.4279943942092359,0,yes,4,2,services,2
15,urban,2.3044350063428283,8.53750120732002,0,yes,2,4,teacher,1
16,urban,14.248044332489371,1.421731828711927,0,yes,4,1,at_home,3
17,urban,2.00370253669098,1.123248212505132,0,yes,22,2,other,1.2857142857142858
15,urban,10.500740158371627,2.128273241687566,0,yes,0,1,services,1.2857142857142858
15,urban,24.392537714447826,1.746237023267895,0,yes,0,2,at_home,1
15,urban,10.787217491306365,4.651043479098007,1,yes,2,2,services,1
15,urban,2.6097435648553073,3.587917224969715,0,yes,6,1,at_home,1
15,urban,9.330458264332265,2.2735420828685164,0,no,6,2,services,2.5714285714285716
16,urban,14.217357904650271,1.9531350801698864,0,yes,16,4,teacher,1.7142857142857142
15,urban,62.22800254588947,0.8822831665165722,0,yes,0,2,services,2.857142857142857
18,urban,8.870395369827747,1.4380023488774896,2,yes,0,1,other,2.857142857142857
16,urban,8.65597623353824,0.8135193795897067,1,no,6,2,at_home,3.5714285714285716
15,rural,28.015601778170094,5.481592129217461,0,yes,2,3,services,2.2857142857142856
19,urban,1.025534822139889,1.031293603591621,0,yes,6,3,services,1
17,urban,14.28876397991553,1.8331136964261532,0,no,0,4,other,1
15,rural,5.4679702911525965,3.7795221083797514,0,no,0,2,at_home,1
17,rural,1.1013894467614591,0.5536698084324598,3,no,14,1,other,3
18,rural,58.684139368124306,1.2861120230518281,3,no,6,1,at_home,2.142857142857143
16,rural,42.0417214022018,0.778889425098896,0,no,4,2,at_home,1.2857142857142858
16,urban,3.8251208355650306,2.468573883641511,1,yes,0,3,services,4
16,urban,27.546909120865166,1.823422130662948,2,yes,0,1,health,3.5714285714285716
17,rural,16.526772994548082,0.3980531678535044,1,yes,8,2,at_home,2
17,rural,29.89921175991185,2.328481225995347,2,yes,4,3,other,1.8571428571428572
15,urban,16.137295954395086,1.9376308033242822,0,no,2,1,other,2.5714285714285716
16,urban,5.820263768080622,1.752242960035801,1,yes,2,3,services,1.8571428571428572
17,rural,89.19957021251321,2.1740389931946993,0,no,0,1,other,2.142857142857143
17,urban,24.88499598694034,1.7095507998019457,3,no,10,3,services,1
16,urban,9.698269778862596,2.57866750867106,0,yes,0,2,other,2.5714285714285716
16,urban,4.0891601764597,4.08665772061795,0,yes,0,2,services,1
16,urban,8.14253323059529,2.370058520231396,0,yes,0,2,other,1
16,urban,2.5144717996008694,3.6309214551001787,0,yes,0,4,health,1
16,urban,34.77448074147105,0.9690696611069143,1,yes,4,4,other,2.5714285714285716
16,urban,29.390736655332148,4.82901124143973,0,yes,0,1,other,1
17,urban,7.558457998093218,2.36865322641097,0,yes,0,4,teacher,1.5714285714285714
16,urban,9.974119381513447,2.2799760652706027,0,yes,0,1,at_home,1
16,urban,29.26683539408259,4.767676452640444,0,yes,0,3,other,1
17,urban,18.25677145505324,2.4465411850251257,0,yes,0,4,teacher,4
16,urban,24.732156470417976,2.8569955786224455,0,yes,0,2,services,1.8571428571428572
17,urban,5.733975090552121,3.166961627546698,0,yes,4,3,other,1.8571428571428572
16,rural,5.660810699686408,0.5485819368623197,0,yes,8,4,teacher,3.2857142857142856
17,urban,8.239119972568005,3.790724417893216,0,yes,4,4,other,1
16,urban,8.451562831643969,2.750434623332694,0,yes,4,4,teacher,2.2857142857142856
16,urban,7.2542990683577955,4.021398527547717,0,yes,0,3,services,1.2857142857142858
17,urban,4.649261525366455,2.3777908384799957,0,no,0,4,services,2.2857142857142856
17,urban,4.0387029382400215,4.811497575370595,0,yes,32,3,other,2.2857142857142856
16,urban,2.9346414864994586,2.471630566753447,0,yes,8,3,other,1.2857142857142858
17,urban,4.9883538438007236,2.3936913115903735,0,yes,6,3,services,2.2857142857142856
16,urban,3.5109313493594527,0.26785291265696287,0,yes,0,1,services,1.2857142857142858
16,urban,10.981722351163626,4.236584295285866,0,yes,0,2,other,1.2857142857142858
17,urban,13.295628084801137,4.9282955166418105,0,yes,10,3,health,1.5714285714285714
17,rural,3.7872116109356284,2.5174494525417686,0,no,6,1,at_home,2.142857142857143
16,urban,11.053736285306513,4.1345279878005385,0,yes,6,2,services,1
17,urban,4.5238905772566795,2.888624447165057,0,yes,0,1,at_home,1
17,urban,29.26165326498449,3.5485954331234097,0,yes,16,1,at_home,4.285714285714286
16,rural,5.748711720108986,0.6575631578452885,0,yes,0,3,services,3.2857142857142856
16,urban,19.966637355973944,1.9970458974130452,0,yes,0,3,other,1
17,urban,13.720846741460264,4.817815170856193,0,yes,8,4,services,1
17,urban,3.025419719517231,0.6303606061264873,0,yes,4,4,services,1.2857142857142858
16,rural,30.819742160383612,1.830075692385435,0,yes,16,3,other,3.5714285714285716
17,urban,21.28445091890171,1.680392446462065,1,yes,30,4,services,2.2857142857142856
16,urban,12.18539309129119,3.953622542321682,0,yes,0,4,teacher,1.2857142857142858
16,urban,9.987601360306144,3.3237667970824987,0,yes,2,4,health,2.142857142857143
16,urban,12.472825893200934,2.2052760859951377,0,no,4,2,other,1.5714285714285714
17,urban,5.725738415494561,2.3345724458340555,0,no,0,1,other,1.5714285714285714
17,rural,7.2154988893307745,1.9753227420151234,0,yes,21,2,other,1.2857142857142858
16,rural,28.249827059917152,11.08022037660703,0,yes,6,2,services,1
17,urban,9.498724619857967,6.4945884863846,1,yes,14,3,at_home,3.2857142857142856
16,urban,7.241701224818826,3.7208488218020648,0,yes,2,3,services,2
16,urban,3.718873439822346,3.8450988575350493,0,yes,4,4,teacher,1
16,urban,29.771093234885484,0.22507945727556944,0,no,2,1,at_home,1.8571428571428572
17,rural,23.261867504334077,5.3830764221493155,0,yes,0,4,teacher,1
19,urban,14.027664824388921,11.292233378626406,0,yes,4,3,other,1.2857142857142858
17,urban,3.758837873581797,4.132906568003818,0,yes,15,4,services,4.285714285714286
16,urban,14.384387576486915,3.393357263179496,0,yes,0,2,other,1
18,urban,7.340813722927123,2.968503039330244,0,yes,10,2,services,2.5714285714285716
17,rural,12.015813812613487,0.06730785500258207,0,no,6,4,services,1.2857142857142858
17,urban,28.934208423597738,4.487196087371558,0,yes,2,3,other,1.5714285714285714
17,urban,6.415014138910919,3.6138696724083275,0,yes,16,4,other,2.5714285714285716
18,urban,9.340200604405254,3.1001750924624503,0,yes,10,3,health,2.5714285714285716
17,urban,17.601455664262176,1.0293578393757343,0,no,4,3,other,1.8571428571428572
17,urban,7.3885040152817965,7.659069984219968,0,yes,0,2,at_home,1
17,rural,29.217722037574276,2.197444988414645,0,yes,0,2,at_home,1.2857142857142858
17,urban,14.025671245064586,6.714264864567667,0,no,12,1,at_home,1
16,urban,10.273779707029462,4.866328872041777,0,yes,0,2,services,1
18,urban,29.373086616396904,4.904021783499047,3,yes,9,2,other,5
16,urban,7.199656932614744,8.158533506793901,0,yes,4,4,teacher,1
18,rural,13.272192750591785,4.996182932285592,0,yes,4,3,other,1
17,urban,10.089070273563266,3.5431472456548363,0,yes,2,3,other,1.5714285714285714
17,urban,2.1325082210823894,4.664104665629566,0,yes,0,3,services,1.5714285714285714
18,urban,86.52994185453281,4.854292937554419,0,yes,2,2,at_home,4.285714285714286
17,urban,22.051470862934366,5.868736763950437,0,yes,0,2,other,1.2857142857142858
17,urban,2.5547866597771645,3.2952169452328235,0,yes,0,3,other,1.2857142857142858
17,rural,18.747510564280674,3.409174093278125,0,yes,0,2,other,1
17,urban,6.796244115103036,4.750130229862407,0,yes,0,4,teacher,1.5714285714285714
16,urban,3.055655979551375,4.3214878782164305,0,yes,0,4,other,2.5714285714285716
16,urban,15.07748301140964,3.855818222044036,0,yes,2,1,other,1
16,urban,27.66855796216987,7.884735310217366,0,yes,0,3,at_home,1.5714285714285714
17,urban,10.322029201779515,2.384794846875593,0,yes,0,2,other,5
16,urban,8.335650205612183,0.32682206202298403,0,yes,4,2,other,1
16,urban,1.8940037447027862,4.584109828341752,0,yes,0,4,other,1.2857142857142858
18,urban,23.60537324217148,4.31699924194254,1,yes,18,2,services,1
18,urban,11.263636513147503,3.5164529774338007,1,yes,16,2,at_home,1
18,urban,27.876863839337602,1.5873904367908835,1,yes,14,3,other,1
18,urban,14.777707177679986,1.267633960582316,1,yes,26,2,other,2
17,urban,3.0782016762532294,0.4196966923773289,0,yes,6,4,teacher,1.2857142857142858
17,urban,4.703784378245473,4.548810702515766,0,no,4,2,other,1
17,urban,2.0749966371804476,5.539681037189439,0,yes,10,1,at_home,1.2857142857142858
16,urban,5.334402177948505,1.0360729354433715,0,yes,4,1,other,1.2857142857142858
17,rural,32.49246396124363,2.248114890884608,0,no,2,2,at_home,1
17,rural,87.94150589033961,1.2155308621004224,1,yes,14,1,other,1
18,urban,14.297787483781576,4.019346257671714,0,yes,16,2,services,3.5714285714285716
17,urban,13.405568167567253,1.76263895817101,1,yes,8,2,other,1
17,rural,24.801704054698348,5.968980558682233,0,yes,4,1,at_home,1.5714285714285714
17,urban,4.886861034203321,4.113533841911703,0,no,4,4,teacher,1
17,urban,17.502077089156955,3.6728392865043133,0,yes,8,4,health,1.8571428571428572
17,rural,27.660084476228803,2.9615089299622923,0,yes,0,4,teacher,2.2857142857142856
16,urban,1.1278061419725418,0.7569790664128959,0,yes,7,4,teacher,1
16,urban,2.850255607627332,0.4515665043145418,0,yes,4,4,services,1.2857142857142858
17,urban,9.382020885124803,4.290198675822467,0,yes,2,4,teacher,1.8571428571428572
17,rural,21.729367515072227,9.536838036729023,0,yes,2,1,other,1
17,urban,27.74299956508912,8.129473723238334,0,yes,10,3,services,2.2857142857142856
17,urban,6.726147100329399,2.5516461331862956,0,no,10,1,at_home,1
18,urban,17.023840042529628,6.111331153661013,0,yes,10,2,other,1
16,urban,34.46915457258001,0.7634912487119436,0,yes,7,2,other,1
17,urban,6.769185481593013,3.294783365447074,0,no,4,1,services,1.2857142857142858
17,urban,25.189270429546013,1.283220638986677,0,yes,2,3,other,1
22,urban,14.829210557974875,1.4972544047050178,3,yes,12,3,services,5
18,rural,1.9875630280002952,2.8304389915429056,0,yes,8,3,other,1.5714285714285714
16,urban,10.909394589718431,1.7115372125990689,0,yes,0,0,other,2.5714285714285716
18,urban,20.633173134410754,1.0811523972079158,0,yes,8,3,services,2.5714285714285716
16,urban,48.921622827183455,2.719276513205841,1,yes,4,3,at_home,1.5714285714285714
18,urban,13.13774869358167,0.9792541987262666,2,yes,4,2,services,2.857142857142857
16,rural,15.641732591902837,0.34079734422266483,0,no,2,2,other,1.5714285714285714
17,rural,11.244058741256595,1.3853057115338743,0,yes,0,2,other,2.5714285714285716
17,urban,26.305339916143566,0.02273091906681657,1,yes,0,1,health,1.2857142857142858
18,urban,8.05689763603732,3.8025199146941304,0,yes,2,2,other,1.5714285714285714
17,urban,12.824885439593345,10.590939538087696,0,yes,2,4,teacher,1
19,urban,6.689604119863361,2.981090067885816,0,yes,0,2,services,1
18,urban,32.53078324953094,3.0890137816313654,1,yes,4,2,services,4
17,rural,2.207528348080814,6.44057497382164,0,yes,2,4,other,1.5714285714285714
18,urban,2.418205413967371,7.042425081599504,0,no,4,1,other,2.2857142857142856
18,rural,6.743025974370539,3.4543370057363063,0,no,4,2,other,1
19,urban,9.406581257469952,2.254854706581682,0,yes,4,4,services,1
18,urban,7.406620427034795,3.0348727577365935,0,yes,2,2,other,1.2857142857142858
17,rural,21.42132150940597,1.6413042210042477,0,no,0,2,other,1
17,urban,7.2149550397880375,12.29457933572121,0,yes,2,2,services,1
20,rural,27.833482237765566,2.7352641623001546,0,yes,8,2,other,1.2857142857142858
18,urban,9.438024848233908,4.148182480363175,0,yes,2,3,other,1.5714285714285714
18,urban,6.75391024723649,4.311988532543182,0,yes,2,4,teacher,1
18,rural,13.213253455702215,6.779747949913144,0,no,2,3,other,1
17,urban,13.57034949073568,6.3818948704283684,0,no,2,3,other,1
18,urban,8.487600090447813,9.322731292340904,0,yes,0,2,at_home,1
17,urban,28.023530167993158,1.6652266453020275,0,yes,8,2,other,2.2857142857142856
18,rural,18.44935991568491,2.8888610487338156,0,yes,6,3,other,3.2857142857142856
17,urban,13.612590573262423,4.872654311591759,0,yes,0,3,services,3.2857142857142856
18,rural,28.10402521281503,4.304989028722048,0,yes,8,4,teacher,2
18,urban,13.96218182425946,2.631223798263818,0,yes,4,2,other,1.5714285714285714
18,rural,19.062662310898304,2.2127269078046083,0,yes,12,2,other,1.2857142857142858
19,urban,5.771329236216843,4.582268570782617,0,yes,16,3,other,3
18,urban,12.227138589601964,11.517229535384104,0,yes,10,3,services,1.5714285714285714
18,urban,25.079726467374712,4.473150993231684,0,no,2,1,other,1
17,rural,8.558900563511997,2.267768719466403,0,no,2,1,at_home,2
18,urban,9.98647107090801,4.6778485658578575,0,yes,8,2,other,1.2857142857142858
17,urban,28.5306122910697,2.472850344609469,0,yes,6,2,at_home,1
17,urban,29.50403277296573,4.489022692665458,0,yes,6,2,services,2.2857142857142856
18,rural,22.856754299718887,4.475719651207328,0,yes,15,3,other,1
18,urban,21.98238951503299,0.7196419457904994,0,yes,6,4,teacher,1.8571428571428572
18,urban,13.615006603766233,3.098806901834905,1,yes,2,4,health,1
17,urban,40.73744573397562,7.3971055541187525,0,yes,8,2,services,1
19,rural,13.753972535487264,3.706703459843993,1,yes,0,2,services,3.7142857142857144
18,urban,16.929260323522612,1.7262588366866112,0,yes,0,4,teacher,1.2857142857142858
18,urban,26.008326814044267,1.1433448367752135,0,yes,10,1,at_home,2.5714285714285716
17,urban,24.8011640785262,0.44060302060097456,0,yes,22,4,services,2.5714285714285716
17,urban,12.881138989236206,1.9463492976501584,0,yes,18,3,teacher,3.2857142857142856
18,rural,26.747144573600963,11.726556682260707,0,no,2,1,at_home,1
18,urban,19.983593076467514,3.7985759226139635,0,yes,0,1,other,1
17,urban,4.1930936854332685,3.3962342152372003,0,yes,12,2,other,1.2857142857142858
18,urban,21.551605369895697,4.958140849601477,0,yes,10,2,other,1
17,urban,3.9051430197432637,2.2046863925643265,0,yes,0,1,other,1.2857142857142858
18,urban,8.112229255028069,8.134222198277712,0,yes,0,2,at_home,1.2857142857142858
17,urban,11.073567076120526,6.4774539903737605,0,yes,0,1,services,1
18,urban,6.895073217805475,8.465044411132112,0,yes,0,2,services,1.5714285714285714
18,urban,9.955221225973219,2.991004120092839,0,yes,0,4,teacher,1
18,urban,14.606411489192396,3.0838758202735335,0,yes,2,4,teacher,1.8571428571428572
17,urban,2.7927390756085515,9.31774654891342,0,yes,0,4,health,1.2857142857142858
17,rural,26.419121709186584,12.991315927356482,0,no,0,3,services,1
18,rural,29.127315224613994,6.6630095755681396,0,yes,0,3,services,1
17,urban,8.969309118576348,1.0797380055300891,0,yes,0,3,health,1.5714285714285714
19,urban,20.55978145217523,3.670040888246149,0,yes,2,4,health,2.2857142857142856
18,urban,21.267254180274904,2.652873726794496,0,yes,0,4,other,1.2857142857142858
18,urban,10.84387038461864,10.044110632734373,0,yes,0,3,other,1
18,urban,7.596287257503718,1.8813685425557196,0,yes,0,4,teacher,2
18,urban,10.1677939388901,2.7761167327407748,0,yes,0,4,health,1
17,urban,27.97598991310224,0.10105938650667667,0,yes,0,4,teacher,2
17,rural,17.493138121208176,6.1792213981971145,0,yes,0,4,services,1
17,urban,17.25640762131661,9.798647860297933,0,yes,0,4,other,1
17,urban,10.03956538811326,13.779741572216153,0,yes,0,2,health,1.2857142857142858
19,rural,20.848819903330877,6.5257928357459605,1,yes,0,2,at_home,1
20,urban,8.386315639596432,0.16673882585018873,2,no,0,3,services,1
19,rural,2.3158611631952226,4.144019580911845,0,no,0,3,services,1.2857142857142858
18,urban,6.285788047127426,4.545147260418162,0,no,2,1,other,1.2857142857142858
18,urban,23.69727069977671,3.7941331395413727,0,yes,2,2,services,1.2857142857142858
17,urban,21.901094326749444,2.5059836683794856,0,yes,2,3,other,1
17,rural,5.276984526775777,0.09573489613831043,0,yes,2,4,teacher,1
18,urban,8.306841408833861,6.054449192015454,0,yes,2,4,other,1
18,urban,24.56056025926955,1.9948205393739045,0,yes,8,4,health,1.8571428571428572
17,rural,11.71763710398227,9.144034724449739,0,yes,2,4,services,2.857142857142857
18,urban,5.947384472005069,4.72118960111402,0,yes,8,3,other,1
19,urban,20.023884231923148,4.526726814219728,0,yes,9,4,health,1
18,urban,4.1043799058534205,3.609810721129179,0,yes,0,4,teacher,3
18,urban,3.6380416681058705,0.8642769479192793,0,yes,4,3,other,1
17,urban,9.847067644819617,0.11966298846527934,0,yes,2,4,health,1.2857142857142858
17,urban,12.639378886669874,2.4892486622557044,0,yes,14,4,services,1.2857142857142858
17,urban,6.258776661939919,4.753897656453773,0,yes,0,3,services,1
17,urban,2.091103787533939,3.1110438336618245,0,yes,2,1,other,2
18,urban,7.236261190846562,0.4480614080093801,0,yes,2,4,other,3.2857142857142856
19,urban,35.08783825440332,9.419769576052204,0,no,12,1,other,3.7142857142857144
19,urban,42.724096365273,3.087348889792338,2,yes,2,1,other,1
18,urban,7.357817919924855,1.246394969522953,0,yes,2,2,other,2.5714285714285716
17,urban,5.775279636029154,2.7398239315953106,0,no,4,2,other,1
17,rural,4.248762252274901,8.215929616708308,0,yes,0,2,services,2
17,urban,3.5210358765907586,7.857552726054564,0,yes,0,1,services,2.2857142857142856
17,urban,25.712053655879572,9.589282817905769,0,yes,0,2,at_home,2.2857142857142856
18,urban,25.846954844892025,6.07641912647523,0,yes,0,1,other,1.2857142857142858
18,urban,4.3751083933748305,5.546705670421943,0,yes,0,4,other,2
17,urban,1.6577177229337394,0.29404153395444155,0,yes,0,3,other,3.5714285714285716
17,rural,72.41210892330855,1.8555295448750257,0,yes,2,2,services,5
17,urban,11.173519016709179,7.471536949742585,0,yes,0,4,teacher,1.5714285714285714
17,urban,17.890135401394218,9.696404992137104,0,yes,4,4,teacher,1.2857142857142858
17,urban,4.353556179441512,1.085301635786891,0,yes,2,3,at_home,2.857142857142857
18,urban,8.08546444773674,14.955907583935186,0,yes,0,2,other,2.5714285714285716
19,rural,4.5394002571702,0.9488103715702891,0,no,0,3,at_home,2
18,urban,60.06008780328557,2.1983956282492727,0,no,2,2,at_home,1
17,rural,13.989096473436803,8.469298064010218,0,yes,0,4,other,1
18,urban,1.1442190324887633,0.4721595458686352,0,yes,6,2,other,1.2857142857142858
18,urban,6.271119824144989,4.613418767694384,0,yes,8,3,services,1
18,urban,5.612849532160908,2.7718050754629076,0,yes,0,2,other,1
18,rural,21.785054665524513,12.698792803566903,0,no,6,2,at_home,1
17,urban,5.533853889908642,9.650444351136684,0,yes,8,3,services,1.5714285714285714
17,urban,2.2098813308402896,4.065601965645328,0,yes,0,3,other,2.2857142857142856
18,urban,7.235775620210916,10.096717904089019,0,yes,4,3,services,1
17,rural,12.974136338569224,4.133920584106818,0,yes,0,3,other,2.2857142857142856
18,urban,3.676453103777021,3.0157209248282015,0,yes,0,4,services,2
18,urban,2.2614777702838182,4.292656890349463,0,yes,6,3,services,1.5714285714285714
17,urban,8.13998211780563,3.4563388808164746,0,yes,18,2,at_home,1.2857142857142858
18,urban,4.842395900283009,9.285027764271945,0,yes,0,2,at_home,1.2857142857142858
18,urban,7.916675609536469,7.862535835010931,0,yes,4,3,other,2.2857142857142856
18,rural,3.7821300448849797,6.129692455288023,0,yes,4,4,teacher,1.2857142857142858
18,urban,13.68443995155394,6.286218320019543,0,yes,0,4,teacher,2.2857142857142856
17,urban,11.524228372611105,5.120996896876022,0,yes,0,4,health,1.5714285714285714
17,urban,28.9509954652749,2.5931924325414,0,yes,10,2,services,2
17,urban,6.637818794697523,2.079065856290981,0,yes,4,2,services,2.5714285714285716
19,urban,19.359082547016442,0.42703235475346446,1,yes,16,2,at_home,3.2857142857142856
17,urban,9.630716568790376,1.0776594444178045,1,yes,6,3,other,1
21,urban,11.313083057757467,6.183387994533405,2,yes,0,4,other,1
18,urban,5.982716712169349,3.318790672114119,0,yes,11,2,services,1.5714285714285714
18,urban,5.780437343753874,3.7592162208165973,0,yes,9,3,other,1.8571428571428572
17,urban,12.04297971073538,2.4452866879291832,0,yes,0,2,services,1.5714285714285714
17,urban,5.581358781084418,7.526380704948679,0,yes,2,4,health,1.2857142857142858
18,urban,5.433191327378154,3.0915963815059513,0,yes,0,4,teacher,1
21,rural,29.295172792626545,2.385795463109389,2,yes,21,1,at_home,4.142857142857143
20,rural,20.775386112509295,6.250065822387114,0,yes,8,1,other,1.5714285714285714
19,urban,3.307417947333306,0.9280090192332864,1,yes,5,4,teacher,4
17,urban,9.455664907582104,3.785883962409571,0,yes,10,3,other,1.2857142857142858
18,urban,6.08786486973986,6.221572260838002,0,yes,5,2,other,1.2857142857142858
18,rural,14.843644632026553,0.9535554442554712,0,yes,13,3,services,4.285714285714286
19,urban,6.786732745822519,0.3465336258523166,0,yes,10,2,other,1.8571428571428572
18,urban,15.91208438621834,2.8586807909887284,0,yes,10,2,services,1.5714285714285714
20,urban,21.67677844176069,1.9723301460035145,1,yes,5,1,other,1
18,urban,8.99850250268355,2.9684364842250943,0,yes,4,3,services,1.2857142857142858
16,urban,24.748226737137884,0.38644515350461006,0,yes,11,3,other,1.5714285714285714
16,rural,26.63494580076076,4.575481131207198,0,yes,0,2,other,1
15,rural,5.450190592557192,1.9854809478856623,1,no,6,1,at_home,1
15,rural,27.321719450410455,1.3711968935094774,0,yes,4,3,at_home,2.2857142857142856
16,rural,18.521228389581665,4.493530123960227,0,no,0,2,at_home,1.2857142857142858
15,rural,27.63216159073636,0.9427527985535562,0,no,0,2,at_home,1
16,rural,14.11566967703402,2.2095975382253528,0,no,5,4,at_home,1.5714285714285714
16,urban,5.852033380419016,5.09492268320173,0,yes,0,1,other,1
17,rural,12.325170383788645,3.7288683766964823,1,no,0,2,other,1.2857142857142858
17,rural,7.43632715055719,0.5767490887083113,1,yes,0,1,other,2
15,rural,23.28720326302573,0.38509536162018776,0,yes,0,4,teacher,3.5714285714285716
16,urban,21.813307515112683,13.635153727373108,0,no,4,2,at_home,1
15,rural,17.627942918334156,2.1844591475091875,0,yes,0,1,services,1.2857142857142858
15,rural,18.420256603276357,1.4632048262283206,1,yes,4,1,other,1.2857142857142858
16,rural,26.357161577325314,1.7383803757838905,0,no,0,0,other,1.2857142857142858
17,rural,21.131859730230644,1.0174400033429265,0,yes,2,2,other,1.5714285714285714
15,rural,19.366649062139913,1.5036081550642848,0,yes,0,3,services,1
16,urban,25.873021309962496,3.2686278398614377,0,no,0,1,at_home,4.285714285714286
17,urban,5.120493339840323,3.205682645086199,0,yes,4,1,other,2.5714285714285716
15,rural,6.977747654542327,2.043141918955371,0,yes,0,1,services,1.2857142857142858
15,rural,9.565956172998995,2.9368528856430203,0,yes,7,1,services,1.2857142857142858
16,rural,57.51232364214957,3.9860484865494072,0,no,4,3,other,1.2857142857142858
15,rural,82.74029338499531,4.241785605670884,0,no,8,1,other,2.5714285714285716
15,urban,5.645167495589703,2.6526079177856445,0,yes,0,3,at_home,1
17,rural,50.931939685251564,1.1606851750984788,0,no,8,2,other,5
16,rural,23.752825004048645,8.84080280433409,0,yes,6,4,teacher,1
15,rural,18.004251709207892,1.6459339135326445,0,no,3,1,other,1
16,rural,38.12684525968507,2.2310910876840353,0,yes,2,2,other,1.2857142857142858
16,rural,19.552693760488182,4.834784185048193,0,no,0,2,other,1
16,rural,41.819615678396076,2.0589624957647175,0,yes,4,2,other,1
16,urban,6.743230190128088,8.642031828640029,1,no,0,1,other,1.2857142857142858
16,urban,11.685370375402272,7.2546658653300256,1,no,3,1,other,1.2857142857142858
15,urban,4.821319070644677,2.952592875342816,0,yes,0,2,at_home,3
16,urban,5.013967777136713,3.1935636627022177,0,no,0,1,other,1.7142857142857142
17,rural,3.850945631042123,1.0173777723684907,0,yes,4,1,at_home,5
16,rural,82.63631023932248,10.321904197335243,0,yes,0,1,other,1
16,rural,83.86830039555207,5.371000176528469,0,no,2,1,other,1
15,rural,25.902870178688318,3.647576828254387,0,yes,1,1,other,1
16,rural,27.941298385849223,1.108191188890487,0,yes,0,1,at_home,3.7142857142857144
15,rural,36.458486169576645,4.0034139403142035,0,no,0,1,at_home,1.2857142857142858
15,rural,1.8548249369487166,7.06397793488577,0,no,2,2,other,2
16,rural,28.26810617814772,0.9831363786943257,0,no,6,1,other,3.2857142857142856
18,urban,12.797600620426238,3.295923979021609,1,yes,9,2,other,2.2857142857142856
15,urban,15.540223644347861,1.364545051008463,0,no,0,3,other,1.5714285714285714
16,rural,48.79772112937644,3.686110806418583,0,yes,1,2,services,1
15,urban,30.60101652285084,0.33036358281970024,0,no,1,2,health,1.2857142857142858
16,urban,7.155540500767529,4.948699920903891,0,no,0,4,teacher,1
15,rural,9.862423336599022,3.3533416201826185,0,yes,4,3,services,1
16,rural,26.636938392184675,2.3450546751264483,1,no,2,2,at_home,2.2857142857142856
16,rural,44.573431389871985,0.7627744749188423,0,no,0,2,other,1
16,urban,26.55441906885244,0.6077909413725138,0,yes,4,2,at_home,2.2857142857142856
15,rural,37.38481750711799,1.0541502200067043,0,yes,2,3,other,3.5714285714285716
15,urban,19.91005367366597,9.7142322990112,0,no,0,2,other,1
16,rural,2.0144284176640213,0.27364302333444357,0,yes,2,2,other,1
15,urban,24.399923285236582,0.8584355683997273,0,yes,11,3,services,2.5714285714285716
16,rural,16.887959655141458,3.1996133571956307,3,no,0,1,other,1
17,urban,3.1166892503388226,1.640405187383294,0,no,4,2,other,1
19,urban,13.024380765389651,1.0268699112348258,1,yes,0,2,at_home,1
17,rural,36.69045016402379,0.3365031601861119,0,no,2,2,at_home,1
15,rural,20.050823357887566,0.6714766300283372,0,no,0,1,at_home,1.5714285714285714
16,rural,33.963207132183015,3.6493438417091966,0,yes,1,2,other,1.2857142857142858
16,urban,3.1787319467402995,0.7541712652891874,0,no,6,2,other,1.2857142857142858
17,rural,18.945713087450713,4.3371141164097935,0,yes,0,2,at_home,1.2857142857142858
16,urban,12.474850253202021,1.5144678289070725,1,yes,1,2,services,1.8571428571428572
18,rural,25.229946174658835,7.66408565803431,2,no,6,3,other,1
19,urban,7.804108627606183,8.204778159270063,1,no,6,1,at_home,1
18,rural,19.785820635734126,1.3546322626061738,1,yes,0,1,other,3.2857142857142856
18,rural,19.25780665478669,1.2553409151732922,1,yes,4,1,at_home,1
19,urban,23.507180161541328,3.2669151013251394,1,yes,12,1,other,3.142857142857143
16,rural,3.314590780530125,4.600518958643079,0,no,2,2,health,1
17,urban,24.224778375355527,1.7076998325064778,0,no,5,1,at_home,3.5714285714285716
16,rural,12.833043029531837,4.935182835673913,0,yes,0,1,at_home,1.5714285714285714
16,urban,14.400533099193126,0.30532182892784476,0,yes,0,3,other,1
16,rural,3.8715441362001,1.5959202009253204,0,yes,2,1,services,2
17,urban,20.661645624786615,11.085834337864071,1,no,0,3,services,3.2857142857142856
16,urban,12.50642711063847,2.3771333410404623,0,yes,0,2,other,1
16,urban,4.150837673805654,0.7108117393217981,0,no,0,2,services,1.2857142857142858
17,urban,9.287810497451574,0.9218321703374386,1,yes,12,2,other,5
16,urban,10.387177666183561,1.8975196378305554,0,yes,8,3,other,2.142857142857143
17,rural,57.819922731723636,11.50771532440558,1,no,2,2,services,3.5714285714285716
16,urban,1.253781816456467,11.143127400428057,0,yes,0,1,other,1
19,urban,6.095399420708418,8.729634766932577,0,yes,0,2,other,1
17,rural,26.051441825693473,0.5125065012834966,0,yes,0,1,at_home,1.2857142857142858
20,urban,17.696705795824528,2.719719489105046,1,yes,8,3,at_home,2.5714285714285716
17,urban,10.880983793642372,7.599656458478421,0,no,0,1,services,1
17,rural,57.11622443748638,1.487674088217318,1,yes,0,2,other,1.2857142857142858
16,rural,43.17441265331581,3.6975685690995306,0,no,0,1,other,1
17,rural,21.37205633567646,2.202195465564728,0,no,0,2,other,1
17,urban,27.274676308734342,3.7527588654775172,0,yes,1,1,other,1
18,rural,10.273487432394177,4.836603561649099,1,yes,9,1,at_home,1
16,urban,2.5807260018773377,1.5654726517386734,0,yes,0,3,other,1.5714285714285714
16,urban,5.137785127386451,1.1120842532254755,0,yes,2,3,services,1.8571428571428572
18,urban,28.59639469650574,4.034146883990616,0,no,8,1,other,1.8571428571428572
16,rural,1.8997101034037769,3.3220819842536002,0,yes,0,4,teacher,2.2857142857142856
16,rural,18.17465334199369,0.11182098928838968,0,yes,0,1,other,1.8571428571428572
18,urban,7.157752797938883,4.449476420180872,1,yes,8,4,services,1.5714285714285714
16,rural,24.09814417012967,4.193544317735359,0,yes,0,2,other,1
16,urban,54.76743172388524,3.245213031070307,0,yes,6,1,at_home,1.5714285714285714
16,rural,28.187675666995347,2.00290115410462,0,yes,0,2,at_home,1
16,urban,5.398099442478269,2.064335993491113,0,yes,4,4,health,1.2857142857142858
18,urban,8.240120222326368,13.37492898106575,0,yes,2,4,at_home,5
16,rural,33.94051207462326,2.3103933478705585,0,no,2,3,at_home,1
17,urban,5.531236300244927,8.10825596563518,0,yes,0,4,other,1.2857142857142858
17,rural,10.721932262647897,1.6231055525131524,0,yes,1,4,other,1.2857142857142858
16,urban,83.34949133684859,7.825880704913288,0,no,0,2,services,2
17,rural,11.885446932166815,0.8085252433083951,0,yes,5,2,at_home,1.2857142857142858
16,urban,15.983973521506414,0.3508508591912687,0,no,1,4,services,1.2857142857142858
17,urban,10.73627633182332,0.29998426139354706,0,yes,8,3,services,5
17,urban,32.52238498767838,2.125934798968956,0,yes,0,1,at_home,3
16,urban,26.988293562317267,3.213901812909171,0,yes,2,2,health,1.8571428571428572
16,urban,1.4713815422728658,3.2793709160760045,0,yes,0,2,other,1
16,urban,2.6125137442722917,1.2177847540006042,0,yes,0,4,health,2.857142857142857
15,rural,53.58850749442354,4.857891529565677,0,no,11,1,other,1.5714285714285714
15,urban,39.654508035164326,14.984556382987648,0,no,8,2,other,2.2857142857142856
15,urban,9.170581714715809,0.013753066305071115,0,yes,11,2,services,1.2857142857142858
16,rural,6.97352489316836,6.236972886836156,0,no,2,2,other,2
16,urban,24.68526987126097,2.5322619245853275,0,yes,8,4,other,2
17,urban,23.073064733762294,0.6305428897030652,0,no,5,3,at_home,2
17,rural,28.16451668855734,2.132482108194381,0,no,0,2,other,1
16,urban,27.453838874353096,6.242403655778617,0,yes,1,4,teacher,1.8571428571428572
17,rural,39.29396918741986,0.22236368851736188,3,yes,2,4,other,1.5714285714285714
17,rural,21.531077910913154,1.4953560675494373,0,no,2,3,other,3
17,urban,13.386458481661975,4.1829989231191576,1,yes,8,3,services,3.2857142857142856
17,urban,3.3449776875786483,4.621839328901842,0,yes,0,4,health,1
16,rural,8.331978598609567,0.3755986588075757,0,yes,0,1,at_home,1.7142857142857142
17,urban,9.756369240116328,2.6609992519952357,0,yes,2,1,at_home,1.2857142857142858
17,rural,26.17966041667387,3.995718213263899,0,yes,0,4,other,2.2857142857142856
16,urban,21.541441680165008,2.4394897350575775,0,yes,0,2,services,2
17,urban,16.58744022832252,2.9551235088147223,0,yes,0,2,other,2
19,urban,12.277376927435398,2.902547353412956,2,yes,2,1,other,3.2857142857142856
17,urban,2.152857204899192,0.3745437115430832,0,no,4,1,other,1
17,rural,17.833299500634894,0.5264355773106217,0,yes,3,1,at_home,2
16,rural,13.25555911147967,7.772438442334533,0,yes,5,2,other,1
16,rural,4.847241990733892,1.9003467746078968,0,no,4,1,other,2.5714285714285716
17,rural,29.164959479821846,4.025019152788445,3,yes,2,3,other,1
17,rural,20.136693347012624,0.5242880582809448,0,no,0,2,other,3.5714285714285716
18,rural,32.723982653114945,1.7033903570845723,1,no,0,1,at_home,1
17,rural,28.59675842220895,0.5250820247456431,0,yes,0,1,other,1.5714285714285714
18,urban,29.169398850062862,4.478556975023821,0,no,6,1,at_home,1.8571428571428572
16,rural,2.6722659352235496,4.521951391827315,0,no,0,2,services,1
17,urban,10.50910396873951,1.3687182045541704,1,no,0,2,other,2.2857142857142856
16,rural,24.362866217270494,0.8487945985980332,0,yes,2,2,other,2.2857142857142856
16,rural,16.295528083574027,1.6740422081202269,0,yes,0,1,at_home,2.5714285714285716
18,rural,21.668786793015897,0.812736492138356,1,yes,2,1,services,2.2857142857142856
18,rural,13.531879528425634,0.22575044259428978,1,yes,0,3,services,2
19,urban,27.83249595318921,1.6330099669285119,3,no,4,3,at_home,1
18,urban,3.953780543990433,2.038903516717255,2,yes,9,3,at_home,1.5714285714285714
16,rural,18.07023020228371,1.912771780975163,0,yes,6,2,services,2.5714285714285716
19,urban,24.784372332505882,1.1493746871128678,3,yes,4,2,at_home,1.5714285714285714
16,urban,23.452139807632193,4.332111038733274,2,no,8,3,services,1
17,urban,2.227952088229358,1.510584899224341,0,no,9,1,other,1.2857142857142858
20,rural,25.345818889327347,0.056638807989656925,1,yes,12,1,other,2.5714285714285716
18,rural,5.79354495415464,1.2569918022491038,0,yes,8,4,services,3.2857142857142856
18,rural,19.1488690325059,0.8284845445305109,0,yes,8,3,other,5
19,rural,43.34628484211862,3.4590859371237457,1,yes,8,1,other,3
17,urban,23.350872981827706,3.8442274902481586,1,yes,4,3,health,2.2857142857142856
18,urban,4.822470205370337,0.3868790282867849,0,yes,0,1,at_home,2.2857142857142856
19,rural,32.491014590486884,0.05798558099195361,1,yes,4,1,other,3
18,urban,19.63212512084283,3.0467996953520924,2,no,2,1,at_home,1
19,urban,11.964292540214956,1.3516984269954264,0,no,0,1,at_home,1
18,rural,17.772655764129013,1.7588768466375768,1,yes,0,2,other,1
17,rural,16.702407103730366,0.35803700238466263,0,yes,0,0,at_home,1
17,rural,21.21648157015443,9.776246421970427,0,no,5,3,other,2
17,urban,13.342698108870536,4.70229194033891,0,yes,0,4,teacher,1.5714285714285714
18,rural,14.61036913190037,2.6322801024653018,1,yes,3,2,services,1.2857142857142858
17,urban,3.6107388623058796,0.022075333166867495,0,no,0,4,health,1
17,urban,3.517755095846951,0.6962819993495941,0,yes,0,2,other,1
18,urban,46.15990039659664,4.834306534612551,2,no,3,1,other,2
18,urban,23.66945319925435,2.732287981780246,0,yes,2,2,at_home,1
17,urban,26.617481567664072,0.28604747354984283,0,yes,0,3,services,1
18,urban,15.448932488216087,2.2868998791091144,0,yes,0,1,at_home,1.2857142857142858
18,urban,16.90075324033387,2.00893722102046,0,yes,0,4,teacher,1.2857142857142858
18,urban,5.05674612801522,0.1908766315318644,0,yes,3,4,services,1
17,urban,21.907180737471208,3.185246364446357,0,yes,0,4,other,1.2857142857142858
18,rural,57.649921788834035,2.0387638616375625,1,no,0,2,at_home,1
18,urban,18.969497848302126,1.1397298858501017,0,no,8,1,at_home,5
18,rural,49.18425845447928,0.38403390999883413,0,yes,5,4,at_home,1
17,rural,54.71191154792905,1.5183425047434866,0,no,4,1,services,3.2857142857142856
18,urban,21.66934929904528,4.562362817814574,0,yes,4,2,other,1
18,urban,18.473453322658315,9.044466421473771,0,yes,0,2,services,1.8571428571428572
18,rural,12.076826674863696,2.8973341232631356,0,yes,0,4,teacher,1
18,urban,59.84465808374807,2.9228550361003727,1,no,2,1,at_home,1.2857142857142858
19,urban,15.411870478419587,0.10897455736994743,1,no,0,1,services,2.2857142857142856
17,urban,28.544396872166544,13.01152402185835,0,yes,0,2,other,2.4285714285714284
17,rural,29.942805311875418,2.2066964253317565,0,yes,5,2,services,1.2857142857142858
18,urban,8.14262651791796,2.4323828073684126,0,no,2,1,at_home,1.2857142857142858
18,urban,27.81359139480628,2.083007777342573,0,no,0,2,at_home,1
19,rural,21.67002019705251,3.168328996747732,3,no,0,1,at_home,1.8571428571428572
18,rural,26.333658451912925,7.012596547137946,0,yes,5,2,services,1
17,rural,20.512946537928656,4.830191685119644,1,yes,4,4,services,1.5714285714285714
18,urban,7.295865952037275,3.960244073299691,0,no,0,3,services,1
17,rural,26.41516249277629,4.051010381896049,0,yes,2,4,services,1.2857142857142858
17,urban,29.647186413640156,4.316504592308775,0,no,0,3,services,1.2857142857142858
18,urban,15.580189459724352,1.141530997119844,0,yes,2,1,services,1.2857142857142858
18,urban,28.176727982936427,6.647010853048414,0,yes,0,1,services,1
18,rural,50.9631473897025,3.1928994338959455,0,no,0,1,at_home,1.8571428571428572
18,urban,16.109681082889438,4.472336071776226,0,yes,6,3,services,1.5714285714285714
17,urban,7.395607004407793,3.8419980611652136,0,yes,4,4,at_home,1
17,rural,22.473365570185706,2.5660381270572543,0,no,0,2,services,1.2857142857142858
18,rural,29.719920126954094,2.128117787418887,0,no,0,1,at_home,2.5714285714285716
18,urban,24.484930409817025,8.525327584939077,0,yes,0,4,teacher,2
17,rural,30.24320430122316,1.1536498195491731,1,yes,0,1,other,1.2857142857142858
18,urban,19.654455865966156,1.5683612148277462,0,yes,0,3,services,1.2857142857142858
18,rural,59.51423446414992,3.3094352269545197,0,yes,0,4,teacher,3.4285714285714284
18,rural,47.7470340882428,0.05819678073748946,0,yes,3,2,services,2.2857142857142856
17,urban,7.462604904081672,5.543706540483981,0,no,8,2,other,1
17,rural,8.726884208153933,1.4382139574736357,0,yes,4,1,other,1.5714285714285714
18,rural,29.883468743646517,8.449786949204281,0,yes,0,4,other,1
18,rural,79.54068976454437,9.209217648021877,0,yes,4,1,other,1.2857142857142858
19,rural,15.295441928319633,4.420624745776877,1,yes,4,1,at_home,1
18,rural,9.01405939180404,3.549527519615367,0,yes,1,4,teacher,3.2857142857142856
18,urban,9.640174395404756,2.6377731352113187,0,yes,1,3,other,1.2857142857142858
17,rural,3.100352367851883,4.180592644959688,0,yes,10,3,at_home,2.2857142857142856
18,urban,9.497188562061638,4.8014312707819045,0,yes,4,4,teacher,1.8571428571428572
18,rural,24.027436083415523,1.0564018050208688,0,yes,0,2,other,1.5714285714285714
17,urban,15.394322723150253,3.3851044378243387,0,yes,4,3,services,1
19,rural,20.190254249610007,1.7996951965615153,1,no,0,1,other,1.5714285714285714
18,rural,27.725312093971297,1.1811949023976922,1,no,0,2,other,3.7142857142857144
18,rural,25.056918306509033,5.398876805556938,0,no,0,2,at_home,1.5714285714285714
17,urban,25.73182418360375,3.4002891900017858,0,yes,0,4,teacher,1
18,rural,52.56232839776203,0.9361475794576108,0,yes,4,4,teacher,2
19,rural,1.3057736945338547,6.111812019953504,1,yes,4,2,services,1.2857142857142858
18,urban,10.216752314940095,4.4602417894639075,0,yes,4,3,teacher,1
18,urban,27.130825852509588,3.968431918649003,0,no,6,1,other,1
17,urban,25.426676978822798,1.0643920502625406,0,yes,6,3,services,3.2857142857142856
18,rural,45.89937655488029,1.6745039545930922,0,yes,4,3,services,3.2857142857142856
